n,p,f,dof,cell,add,sub,mul,div,mem,byte,time,ninst,nloops,extend_dof,extend_quad
2048,1,0,34570240,4194304,197,0,352,9,42,899974624,0.147434,61,12,2,3
2048,2,0,77783040,4194304,728,0,1152,16,302,1937122784,0.20800000000000002,57,7,3,4
2048,3,0,138280960,4194304,1693,0,2180,25,654,3389130208,0.30696,57,10,4,5
2048,4,0,216064000,4194304,2996,0,3696,36,1214,5255996896,0.43528,57,10,5,6
1024,5,0,80068608,1048576,4845,0,5796,49,2030,1940145632,0.17552399999999999,57,10,6,7
1024,6,0,108982272,1048576,7336,0,8576,64,3150,2634126816,0.2447,57,10,7,8
