n,p,f,dof,cell,add,sub,mul,div,mem,byte,time,ninst,nloops,extend_dof,extend_quad
64,1,0,1230645,262144,3195,0,4050,27,162,39511712,0.08247,253,34,2,3
64,2,0,9034902,262144,11748,0,15664,64,1353,227256248,0.161544,244,15,3,4
64,3,0,29608323,262144,30891,0,36070,125,3897,721624560,0.37626,202,21,4,5
64,4,0,69146364,262144,63252,0,72108,216,9057,1671536968,1.0436999999999999,202,21,5,6
64,5,0,133844481,262144,116355,0,130312,343,18201,3225782720,1.51274,202,21,6,7
64,6,0,229898130,262144,197652,0,218368,512,32985,5533151064,2.6917999999999997,202,21,7,8
