n,p,f,dof,cell,add,sub,mul,div,mem,byte,time,ninst,nloops,extend_dof,extend_quad
2048,1,0,50597346,8388608,29,0,47,1,28,1483889696,0.37648000000000004,25,1,3,1
2048,2,0,101194692,8388608,173,0,217,1,152,2798889296,0.41079999999999994,30,3,6,3
1024,3,0,42367120,2097152,533,0,616,1,488,1143174464,0.15571600000000002,30,3,10,6
1024,4,0,63550680,2097152,1541,0,1702,1,1448,1693522944,0.28058,30,3,15,12
512,5,0,22461810,524288,4405,0,4735,1,4208,593872064,0.12301999999999999,30,3,21,25
512,6,0,29949080,524288,8357,0,8830,1,8072,788246608,0.198262,30,3,28,36
