n,p,f,dof,cell,add,sub,mul,div,mem,byte,time,ninst,nloops,extend_dof,extend_quad
64,1,0,6769376,1572864,276,0,312,3,248,221303256,0.098908,11,20,1,1
64,2,0,16923440,1572864,3957,0,4419,3,4352,502749528,0.199354,11,20,1,1
64,3,0,33846880,1572864,12507,0,13269,3,14632,971826648,0.26876,11,20,1,1
64,4,0,59232040,1572864,109668,0,113718,3,131602,1675442328,2.1094,11,20,1,1
32,5,0,12675208,196608,298311,0,305301,3,363400,352752072,0.665,11,20,1,1
32,6,0,19012812,196608,704151,0,715248,3,865104,526874664,1.20572,11,20,1,1
