n,p,f,dof,cell,add,sub,mul,div,mem,byte,time,ninst,nloops,extend_dof,extend_quad
64,1,0,1063323,1572864,271,0,307,1,79,67699256,0.09077199999999999,156,1,4,1
64,2,0,7596423,1572864,6545,0,7158,1,3625,339673016,0.57982,169,3,10,14
64,3,0,24676434,1572864,92021,0,97407,1,62263,949147928,5.9894,169,3,20,125
64,4,0,57380388,1572864,391384,0,406144,1,294307,2090046296,25.468,169,3,35,343
32,5,0,15423543,196608,1245153,0,1276511,1,992911,542100968,9.4848,169,3,56,729
32,6,0,26275335,196608,3279605,0,3336849,1,2707267,911378408,24.724,169,3,84,1331
