n,p,f,dof,cell,add,sub,mul,div,mem,byte,time,ninst,nloops,extend_dof,extend_quad
2048,1,0,8777916,4194304,197,0,340,9,44,280926080,0.153056,59,12,2,3
2048,2,0,34840888,4194304,728,0,1152,16,302,906511136,0.23088000000000003,57,7,3,4
2048,3,0,78188980,4194304,1693,0,2180,25,654,1946922688,0.36094,57,10,4,5
2048,4,0,138822192,4194304,2996,0,3696,36,1214,3402193504,0.49678000000000005,57,10,5,6
1024,5,0,55941804,1048576,4845,0,5796,49,2030,1361102336,0.186296,57,10,6,7
1024,6,0,80474920,1048576,7336,0,8576,64,3150,1949950368,0.24988000000000002,57,10,7,8
