n,p,f,dof,cell,add,sub,mul,div,mem,byte,time,ninst,nloops,extend_dof,extend_quad
2048,1,0,25298673,8388608,20,0,30,0,35,876721544,0.27959999999999996,3,2,3,3
2048,2,0,50597346,8388608,77,0,90,0,116,1584552992,0.26252,5,3,6,6
1024,3,0,21183560,2097152,245,0,270,0,368,634769024,0.085314,5,3,10,12
1024,4,0,31775340,2097152,755,0,806,0,1133,930914784,0.115682,5,3,15,25
512,5,0,11230905,524288,1517,0,1590,0,2276,324330344,0.04596,5,3,21,36
512,6,0,14974540,524288,2749,0,2848,0,4124,428857648,0.06577,5,3,28,49
