n,p,f,dof,cell,add,sub,mul,div,mem,byte,time,ninst,nloops,extend_dof,extend_quad
64,1,0,1230645,262144,2223,0,3483,27,162,39511712,0.081928,235,34,2,3
64,2,0,9034902,262144,9444,0,13936,64,1353,227256248,0.18433,235,15,3,4
64,3,0,29608323,262144,26391,0,32695,125,3897,721624560,0.3523,193,21,4,5
64,4,0,69146364,262144,55476,0,66276,216,9057,1671536968,0.79418,193,21,5,6
64,5,0,133844481,262144,104007,0,121051,343,18201,3225782720,1.52878,193,21,6,7
64,6,0,229898130,262144,179220,0,204544,512,32985,5533151064,2.6886,193,21,7,8
