n,p,f,dof,cell,add,sub,mul,div,mem,byte,time,ninst,nloops,extend_dof,extend_quad
64,1,0,2753536,262144,1250,0,2210,27,111,76192168,0.055754000000000005,158,40,2,3
64,2,0,9293184,262144,4148,0,6800,64,489,233455016,0.08031,142,15,3,4
64,3,0,22028288,262144,11031,0,15210,125,1337,539703720,0.199458,130,21,4,5
64,4,0,43024000,262144,22692,0,29820,216,3057,1044600232,0.38966,130,21,5,6
64,5,0,74345472,262144,41931,0,53144,343,6105,1797806504,0.70136,130,21,6,7
64,6,0,118057856,262144,71508,0,88128,512,11033,2848984488,0.8680199999999999,130,21,7,8
