n,p,f,dof,cell,add,sub,mul,div,mem,byte,time,ninst,nloops,extend_dof,extend_quad
2048,1,0,8482860,4194304,289,0,388,9,16,271484288,0.035024,67,12,2,3
2048,2,0,33857608,4194304,912,0,1280,16,288,880551968,0.10201800000000001,61,7,3,4
2048,3,0,76124260,4194304,1985,0,2380,25,640,1895008960,0.185794,61,10,4,5
2048,4,0,135282816,4194304,3420,0,3984,36,1200,3314888032,0.31518,61,10,5,6
1024,5,0,53237916,1048576,5425,0,6188,49,2016,1295028224,0.12620199999999998,61,10,6,7
1024,6,0,76640440,1048576,8096,0,9088,64,3136,1856742048,0.20176,61,10,7,8
