n,p,f,dof,cell,add,sub,mul,div,mem,byte,time,ninst,nloops,extend_dof,extend_quad
2048,1,0,50597346,8388608,83,0,112,1,45,1888668976,0.3527,64,1,3,1
2048,2,0,101194692,8388608,785,0,929,1,489,3608447344,0.66178,73,3,6,6
1024,3,0,42367120,2097152,4455,0,5036,1,3209,1482111936,0.46744,73,3,10,25
1024,4,0,63550680,2097152,11667,0,12800,1,9221,2201928896,1.21834,73,3,15,49
512,5,0,22461810,524288,25115,0,26984,1,21069,773567056,0.47806,73,3,21,81
512,6,0,29949080,524288,47679,0,50468,1,41633,1027839760,0.82704,73,3,28,121
