n,p,f,dof,cell,add,sub,mul,div,mem,byte,time,ninst,nloops,extend_dof,extend_quad
64,1,0,2753536,262144,3774,0,6630,81,682,76192168,0.044438,11,20,1,1
64,2,0,9293184,262144,12525,0,20400,192,2502,233455016,0.06373,11,20,1,1
64,3,0,22028288,262144,33285,0,45630,375,6614,539703720,0.115174,11,20,1,1
64,4,0,43024000,262144,68451,0,89460,648,14842,1044600232,0.20518,11,20,1,1
64,5,0,74345472,262144,126441,0,159432,1029,29286,1797806504,0.36338,11,20,1,1
64,6,0,118057856,262144,215553,0,264384,1536,52478,2848984488,0.6045,11,20,1,1
