n,p,f,dof,cell,add,sub,mul,div,mem,byte,time,ninst,nloops,extend_dof,extend_quad
64,1,0,6769376,1572864,88,0,104,1,40,221303256,0.051474,46,5,4,4
64,2,0,16923440,1572864,1309,0,1473,1,852,502749528,0.097288,44,3,10,14
64,3,0,33846880,1572864,4149,0,4423,1,2892,971826648,0.167824,44,3,20,24
64,4,0,59232040,1572864,36521,0,37906,1,26262,1675442328,1.08786,44,3,35,125
32,5,0,12675208,196608,99381,0,101767,1,72588,352752072,0.37746,44,3,56,216
32,6,0,19012812,196608,234633,0,238416,1,172884,526874664,1.54504,44,3,84,343
