n,p,f,dof,cell,add,sub,mul,div,mem,byte,time,ninst,nloops,extend_dof,extend_quad
2048,1,0,4388958,4194304,498,0,861,27,254,175591088,0.2686,11,20,1,1
2048,2,0,17420444,4194304,1419,0,2304,48,804,488420480,0.32378,11,20,1,1
2048,3,0,39094490,4194304,3267,0,4305,75,1652,1008654928,0.44997999999999994,11,20,1,1
2048,4,0,69411096,4194304,5751,0,7236,108,2984,1736327200,0.6423,11,20,1,1
1024,5,0,27970902,1048576,9267,0,11277,147,4908,689800688,0.24622000000000002,11,20,1,1
1024,6,0,40237460,1048576,13995,0,16608,192,7532,984251328,0.3007,11,20,1,1
