n,p,f,dof,cell,add,sub,mul,div,mem,byte,time,ninst,nloops,extend_dof,extend_quad
64,1,0,1230645,262144,45516,0,57483,192,8280,49357384,0.130466,11,29,1,1
64,2,0,9034902,262144,204471,0,265791,648,38904,299535976,0.42055999999999993,11,29,1,1
64,3,0,29608323,262144,598812,0,697251,1536,103260,958491656,1.40084,11,29,1,1
64,4,0,69146364,262144,1303473,0,1494783,3000,223848,2224708392,3.1772,11,29,1,1
64,5,0,133844481,262144,2484540,0,2814051,5184,425436,4296539080,5.8284,11,29,1,1
64,6,0,229898130,262144,4314579,0,4836639,8232,737112,7372336616,10.361,11,29,1,1
