n,p,f,dof,cell,add,sub,mul,div,mem,byte,time,ninst,nloops,extend_dof,extend_quad
64,1,0,20308128,1572864,271,0,307,1,79,708698840,0.093394,156,1,4,1
64,2,0,50770320,1572864,6545,0,7158,1,3625,1721237720,0.4647,169,3,10,14
64,3,0,101540640,1572864,92021,0,97407,1,62263,3408802520,5.2700000000000005,169,3,20,125
64,4,0,177696120,1572864,391384,0,406144,1,294307,5940149720,33.974000000000004,169,3,35,343
32,5,0,38025624,196608,1245153,0,1276511,1,992911,1265367560,18.963,169,3,56,729
32,6,0,57038436,196608,3279605,0,3336849,1,2707267,1895797640,33.818,169,3,84,1331
