n,p,f,dof,cell,add,sub,mul,div,mem,byte,time,ninst,nloops,extend_dof,extend_quad
64,1,0,1063323,1572864,138,0,150,1,48,59192160,0.089778,69,1,4,1
64,2,0,7596423,1572864,1002,0,1115,1,612,278901120,0.158656,85,3,10,4
64,3,0,24676434,1572864,5952,0,6345,1,4212,751735944,0.46184000000000003,85,3,20,14
64,4,0,57380388,1572864,16662,0,17335,1,12612,1631002680,1.34718,85,3,35,24
32,5,0,15423543,196608,133905,0,137406,1,105012,418712112,0.8621000000000001,85,3,56,125
32,6,0,26275335,196608,340230,0,346279,1,272172,701175216,2.2564,85,3,84,216
