n,p,f,dof,cell,add,sub,mul,div,mem,byte,time,ninst,nloops,extend_dof,extend_quad
2048,1,0,8777916,4194304,3408,0,4659,48,1138,351149920,0.2203,11,29,1,1
2048,2,0,34840888,4194304,11058,0,15483,108,5202,1185238752,0.42876000000000003,11,29,1,1
2048,3,0,78188980,4194304,25368,0,30915,192,11098,2572435040,0.9046799999999999,11,29,1,1
2048,4,0,138822192,4194304,44994,0,53643,300,20290,4512771552,1.43124,11,29,1,1
1024,5,0,55941804,1048576,72528,0,84963,432,33498,1808637280,0.5675,11,29,1,1
1024,6,0,80474920,1048576,109266,0,126171,588,51442,2593750240,0.83328,11,29,1,1
