n,p,f,dof,cell,add,sub,mul,div,mem,byte,time,ninst,nloops,extend_dof,extend_quad
64,1,0,8260608,262144,15148,0,19245,64,1342,274447272,0.129618,418,34,2,4
64,2,0,27879552,262144,68076,0,88597,216,6862,902564776,0.42336,409,15,3,6
64,3,0,66084864,262144,199412,0,232417,512,18490,2125740968,1.3938599999999999,325,21,4,8
64,4,0,129072000,262144,434116,0,498261,1000,40558,4142328744,3.1264,325,21,5,10
64,5,0,223036416,262144,827532,0,938017,1728,77818,7150681000,5.8088,325,21,6,12
64,6,0,354173568,262144,1437164,0,1612213,2744,135886,11349150632,10.4336,325,21,7,14
