n,p,f,dof,cell,add,sub,mul,div,mem,byte,time,ninst,nloops,extend_dof,extend_quad
2048,1,0,4264175,8388608,29,0,30,0,76,271230296,0.25604,7,8,1,1
2048,2,0,16961210,8388608,95,0,90,0,208,777285728,0.26412,7,8,1,1
1024,3,0,9600946,2097152,275,0,270,0,576,356786288,0.08363000000000001,7,8,1,1
1024,4,0,17037963,2097152,800,0,806,0,1636,577217736,0.10429200000000001,7,8,1,1
512,5,0,6740731,524288,1580,0,1590,0,3208,216566168,0.038085999999999995,7,8,1,1
512,6,0,9693286,524288,2833,0,2848,0,5728,302107552,0.04186,7,8,1,1
