n,p,f,dof,cell,add,sub,mul,div,mem,byte,time,ninst,nloops,extend_dof,extend_quad
2048,1,0,17285120,4194304,74,0,129,0,50,485131744,0.13725400000000001,20,7,2,3
2048,2,0,38891520,4194304,180,0,280,0,122,1003726304,0.142482,21,7,3,4
2048,3,0,69140480,4194304,413,0,525,0,254,1729758688,0.166828,22,10,4,5
2048,4,0,108032000,4194304,728,0,888,0,464,2663228896,0.22604000000000002,22,10,5,6
1024,5,0,40034304,1048576,1177,0,1393,0,770,979322336,0.076068,22,10,6,7
1024,6,0,54491136,1048576,1784,0,2064,0,1190,1326339552,0.07632,22,10,7,8
