n,p,f,dof,cell,add,sub,mul,div,mem,byte,time,ninst,nloops,extend_dof,extend_quad
2048,1,0,8528350,8388608,41,0,52,1,28,373570496,0.22568000000000002,29,1,3,1
2048,2,0,33922420,8388608,201,0,241,1,152,1184354768,0.27398,38,3,6,3
1024,3,0,19201892,2097152,585,0,664,1,488,587208992,0.093634,38,3,10,6
1024,4,0,34075926,2097152,1641,0,1798,1,1448,986128848,0.134778,38,3,15,12
512,5,0,13481462,524288,4609,0,4935,1,4208,378343712,0.070462,38,3,21,25
512,6,0,19386572,524288,8649,0,9118,1,8072,534746416,0.105318,38,3,28,36
