n,p,f,dof,cell,add,sub,mul,div,mem,byte,time,ninst,nloops,extend_dof,extend_quad
64,1,0,20308128,1572864,138,0,150,1,48,546233304,0.080818,69,1,4,1
64,2,0,50770320,1572864,1002,0,1115,1,612,1315074648,0.161902,85,3,10,4
64,3,0,101540640,1572864,5952,0,6345,1,4212,2596476888,0.41006,85,3,20,14
64,4,0,177696120,1572864,16662,0,17335,1,12612,4518580248,1.0914199999999998,85,3,35,24
32,5,0,38025624,196608,133905,0,137406,1,105012,961162056,0.96882,85,3,56,125
32,6,0,57038436,196608,340230,0,346279,1,272172,1439489640,2.5114,85,3,84,216
