n,p,f,dof,cell,add,sub,mul,div,mem,byte,time,ninst,nloops,extend_dof,extend_quad
64,1,0,2753536,262144,501,0,831,0,274,76192168,0.023524,7,8,1,1
64,2,0,9293184,262144,1393,0,2104,0,762,233455016,0.025476,7,8,1,1
64,3,0,22028288,262144,3608,0,4595,0,1906,539703720,0.045168,7,8,1,1
64,4,0,43024000,262144,7383,0,8952,0,4114,1044600232,0.069656,7,8,1,1
64,5,0,74345472,262144,13634,0,15967,0,7890,1797806504,0.10971800000000001,7,8,1,1
64,6,0,118057856,262144,23273,0,26576,0,13834,2848984488,0.173798,7,8,1,1
