n,p,f,dof,cell,add,sub,mul,div,mem,byte,time,ninst,nloops,extend_dof,extend_quad
2048,1,0,8777916,4194304,305,0,388,9,44,280926080,0.27437999999999996,67,12,2,3
2048,2,0,34840888,4194304,920,0,1280,16,302,906511136,0.28198,61,7,3,4
2048,3,0,78188980,4194304,1993,0,2380,25,654,1946922688,0.44382,61,10,4,5
2048,4,0,138822192,4194304,3428,0,3984,36,1214,3402193504,1.0210000000000001,61,10,5,6
1024,5,0,55941804,1048576,5433,0,6188,49,2030,1361102336,0.39198,61,10,6,7
1024,6,0,80474920,1048576,8104,0,9088,64,3150,1949950368,0.5865199999999999,61,10,7,8
