n,p,f,dof,cell,add,sub,mul,div,mem,byte,time,ninst,nloops,extend_dof,extend_quad
64,1,0,1063323,1572864,102,0,131,1,48,59192160,0.090774,60,1,4,1
64,2,0,7596423,1572864,885,0,1007,1,612,278901120,0.164658,67,3,10,4
64,3,0,24676434,1572864,5565,0,5967,1,4212,751735944,0.39492,67,3,20,14
64,4,0,57380388,1572864,16005,0,16687,1,12612,1631002680,1.08638,67,3,35,24
32,5,0,15423543,196608,130521,0,134031,1,105012,418712112,0.9559799999999999,67,3,56,125
32,6,0,26275335,196608,334389,0,340447,1,272172,701175216,2.4966,67,3,84,216
