n,p,f,dof,cell,add,sub,mul,div,mem,byte,time,ninst,nloops,extend_dof,extend_quad
64,1,0,20308128,1572864,849,0,921,3,498,708698840,0.09236799999999999,11,29,1,1
64,2,0,50770320,1572864,19725,0,21474,3,19470,1721237720,0.56976,11,29,1,1
64,3,0,101540640,1572864,276243,0,292221,3,329058,3408802520,5.9845999999999995,11,29,1,1
64,4,0,177696120,1572864,1174467,0,1218432,3,1550592,5940149720,25.374000000000002,11,29,1,1
32,5,0,38025624,196608,3735963,0,3829533,3,5223978,1265367560,9.4774,11,29,1,1
32,6,0,57038436,196608,9839571,0,10010547,3,14233146,1895797640,24.874000000000002,11,29,1,1
