n,p,f,dof,cell,add,sub,mul,div,mem,byte,time,ninst,nloops,extend_dof,extend_quad
8,1,0,81,64,150,0,287,9,20,2720,1.66416e-05,48,16,2,3
8,2,0,289,64,456,0,768,16,144,6336,2.451e-05,41,7,3,4
8,3,0,625,64,1065,0,1435,25,320,11936,3.543e-05,43,10,4,5
8,4,0,1089,64,1884,0,2412,36,600,19648,6.2704e-05,43,10,5,6
8,5,0,1681,64,3045,0,3759,49,1008,29472,9.6082e-05,43,10,6,7
8,6,0,2401,64,4608,0,5536,64,1568,41408,0.000108862,43,10,7,8
